,average_mean,pooled_mean,diff,95_ci_lower,95_ci_upper,p_value,cohens_d,N,positive_class_ratio
Breast Cancer,0.99644,0.99591,-0.00053,-0.00077,-0.00028,4e-05,-0.59574,569.0,0.62742
Cognitive Impairment,0.91652,0.91424,-0.00228,-0.00363,-0.00094,0.00099,-0.47283,1029.0,0.73372
Depression Remission,0.6675,0.62683,-0.04067,-0.05116,-0.03018,0.0,-1.08163,79.0,0.59494
