,average_mean,pooled_mean,diff,95_ci_lower,95_ci_upper,p_value,cohens_d,N,positive_class_ratio
Breast Cancer,0.99484,0.99439,-0.00045,-0.00073,-0.00017,0.0016,-0.45246,569.0,0.62742
Cognitive Impairment,0.8306,0.82936,-0.00124,-0.00319,0.0007,0.20787,-0.17869,1029.0,0.73372
Depression Remission,0.51165,0.51203,0.00039,-0.01385,0.01462,0.95714,0.00761,79.0,0.59494
